row_id,embedding_id,embedding_model_name,classification_id,classification_model_name,dataset_performance,accuracy,precision_macro,recall_macro,f1_macro,precision_micro,recall_micro,f1_micro,precision_weighted,recall_weighted,f1_weighted,dataset_id,dataset_name,rmse
0,,glove,,isotonic_regression,,0.3788546255506608,0.2105331053521628,0.2027063438878651,0.1613327738888466,0.3788546255506608,0.3788546255506608,0.3788546255506608,0.5409047623756303,0.3788546255506608,0.3478631014039235,,"('texas',)",
1,,glove,,isotonic_regression,,0.3788546255506608,0.2105331053521628,0.2027063438878651,0.1613327738888466,0.3788546255506608,0.3788546255506608,0.3788546255506608,0.5409047623756303,0.3788546255506608,0.3478631014039235,,"('texas',)",1.0261598424294478
2,,glove,,isotonic_regression,,0.3788546255506608,0.21053310535216288,0.2027063438878651,0.1613327738888466,0.3788546255506608,0.3788546255506608,0.3788546255506608,0.5409047623756303,0.3788546255506608,0.3478631014039235,,"('texas',)",1.0261598424294478
